{"stats":{"minecraft:used":{"minecraft:chest":7,"minecraft:stone":8,"minecraft:mutton":1,"many_more_ores_and_crafts:orichalcum_pickaxe":1564,"minecraft:birch_sapling":7,"spartanshields:iron_basic_shield":9,"minecraft:written_book":1,"minecraft:furnace":4,"minecraft:potato":1,"spartanweaponry:iron_greatsword":1,"twilightforest:naga_trophy":2,"minecraft:diorite":3,"minecraft:stone_pickaxe":131,"minecraft:wooden_pickaxe":59,"spartanweaponry:stone_halberd":3,"minecraft:golden_apple":4,"minecraft:sponge":54,"waystones:waystone":1,"minecraft:bread":6,"many_more_ores_and_crafts:palladium_sword":340,"minecraft:gravel":1,"mcwstairs:cobblestone_compact_stairs":28,"minecraft:andesite":4,"ironchest:wood_to_iron_chest_upgrade":2,"spartanweaponry:cestus":7,"tacz:gun_smith_table":3,"minecraft:torch":644,"minecraft:dirt":11,"tacz:workbench_c":2,"tacz:workbench_a":2,"many_more_ores_and_crafts:mythril_pickaxe":648,"minecraft:spruce_stairs":2,"minecraft:granite":9,"spartanweaponry:iron_longbow":15,"minecraft:birch_door":2,"minecraft:wooden_axe":41,"mcwdoors:birch_modern_door":2,"minecraft:iron_axe":119,"alexsmobs:ghostly_pickaxe":11,"spartanweaponry:studded_cestus":112,"mcwbridges:cobblestone_bridge":29,"minecraft:cooked_beef":65,"minecraft:cobbled_deepslate":64,"minecraft:calcite":2,"minecraft:cooked_mutton":18,"alexsmobs:cooked_catfish":2,"spartanweaponry:stone_saber":57,"minecraft:birch_planks":26,"minecraft:stonecutter":2,"minecraft:deepslate_bricks":139,"minecraft:salmon":1,"minecraft:crafting_table":6,"minecraft:white_bed":4,"minecraft:painting":1,"minecraft:diamond_pickaxe":169,"minecraft:diamond_shovel":106,"twilightforest:firefly":1,"minecraft:iron_pickaxe":57,"minecraft:suspicious_stew":2,"minecraft:cobblestone":365,"minecraft:potion":1,"minecraft:cooked_porkchop":3},"minecraft:crafted":{"many_more_ores_and_crafts:palladium_ingot":7,"minecraft:stone":14,"many_more_ores_and_crafts:adamantite_ingot":21,"minecraft:cooked_mutton":29,"spartanshields:iron_basic_shield":1,"many_more_ores_and_crafts:titanium_chestplate":1,"minecraft:glass":18,"tacz:workbench_c":1,"minecraft:iron_boots":1,"minecraft:chest":13,"minecraft:birch_door":3,"alexsmobs:cooked_catfish":2,"spartanweaponry:studded_cestus":1,"many_more_ores_and_crafts:orichalcum_pickaxe":1,"minecraft:crafting_table":2,"minecraft:spruce_planks":52,"many_more_ores_and_crafts:mythril_pickaxe":1,"tacz:ammo_box":1,"minecraft:wooden_pickaxe":1,"minecraft:iron_helmet":1,"minecraft:copper_ingot":169,"minecraft:birch_planks":200,"spartanweaponry:iron_longbow":1,"spartanweaponry:stone_saber":1,"minecraft:iron_chestplate":1,"minecraft:stick":64,"minecraft:stone_slab":6,"minecraft:iron_ingot":273,"minecraft:iron_pickaxe":1,"minecraft:iron_block":1,"minecraft:gold_ingot":31,"spartanshields:wooden_basic_shield":1,"many_more_ores_and_crafts:titanium_ingot":8,"minecraft:deepslate_bricks":42,"many_more_ores_and_crafts:lead_ingot":8,"spartanweaponry:cestus":1,"minecraft:furnace":3,"minecraft:glass_pane":16,"mcwdoors:birch_modern_door":3,"many_more_ores_and_crafts:titanium_helmet":1,"minecraft:iron_axe":1,"minecraft:stone_pickaxe":1,"many_more_ores_and_crafts:cobalt_ingot":9,"many_more_ores_and_crafts:palladium_sword":1,"many_more_ores_and_crafts:titanium_boots":1,"minecraft:cooked_beef":68,"ironchest:wood_to_iron_chest_upgrade":2,"spartanweaponry:handle":4,"many_more_ores_and_crafts:titanium_leggings":1,"tacz:gun_smith_table":1,"ironfurnaces:upgrade_iron":1,"mcwbridges:cobblestone_bridge":43,"mcwstairs:cobblestone_compact_stairs":59,"minecraft:air":0,"spartanweaponry:iron_greatsword":1,"tacz:workbench_a":1,"many_more_ores_and_crafts:mythril_ingot":16,"many_more_ores_and_crafts:orichalcum_ingot":16,"minecraft:wooden_axe":1,"minecraft:iron_leggings":1,"minecraft:stonecutter":1,"minecraft:white_bed":1,"minecraft:torch":108},"minecraft:picked_up":{"tacz:workbench_c":1,"minecraft:flower_pot":1,"aether:iron_gloves":1,"twilightforest:naga_trophy":1,"tacz:workbench_a":1,"minecraft:potion":3,"minecraft:golden_shovel":1,"mcwstairs:cobblestone_compact_stairs":8,"minecraft:amethyst_block":3,"minecraft:raw_copper":919,"minecraft:string":80,"minecraft:iron_leggings":1,"minecraft:gold_nugget":15,"minecraft:cobbled_deepslate":294,"minecraft:calcite":2,"minecraft:redstone_torch":1,"minecraft:written_book":2,"minecraft:furnace":1,"minecraft:stick":4,"minecraft:torch":34,"minecraft:oak_fence":2,"minecraft:spruce_stairs":4,"twilightforest:cracked_etched_nagastone":1,"tacz:attachment":5,"minecraft:diorite":13,"minecraft:rotten_flesh":62,"mcwbridges:cobblestone_bridge":47,"many_more_ores_and_crafts:raw_orichalcum":38,"alexsmobs:flying_fish":1,"minecraft:cobblestone":1774,"minecraft:birch_log":61,"minecraft:feather":22,"spartanweaponry:handle":2,"minecraft:andesite":40,"minecraft:brown_wool":1,"minecraft:potato":1,"minecraft:tuff":13,"minecraft:lapis_lazuli":183,"minecraft:dirt":118,"minecraft:bone":58,"minecraft:stonecutter":1,"minecraft:bow":2,"minecraft:wheat_seeds":4,"minecraft:raw_gold":83,"many_more_ores_and_crafts:raw_palladium":22,"minecraft:mossy_stone_bricks":1,"tacz:gun_smith_table":2,"minecraft:jungle_planks":1,"minecraft:sand":63,"many_more_ores_and_crafts:palladium_sword":1,"minecraft:jungle_slab":1,"minecraft:barrel":3,"minecraft:mossy_cobblestone":3,"many_more_ores_and_crafts:raw_adamantite":30,"twilightforest:twilight_oak_sapling":2,"minecraft:diamond":23,"many_more_ores_and_crafts:raw_titanium":24,"minecraft:granite":24,"minecraft:golden_apple":1,"minecraft:bread":6,"many_more_ores_and_crafts:lead_ingot":25,"minecraft:crafting_table":4,"minecraft:leather_leggings":1,"twilightforest:nagastone":13,"artifacts:power_glove":2,"tacz:ammo":885,"spartanweaponry:stone_halberd":1,"twilightforest:nagastone_head":3,"minecraft:beef":75,"minecraft:sugar_cane":25,"minecraft:birch_sapling":9,"minecraft:spruce_trapdoor":1,"minecraft:egg":4,"mcwdoors:birch_modern_door":2,"minecraft:raw_iron":280,"minecraft:copper_ingot":39,"sophisticatedbackpacks:backpack":1,"minecraft:fire_charge":3,"minecraft:carrot":1,"minecraft:redstone":89,"many_more_ores_and_crafts:raw_lead":8,"twilightforest:firefly":4,"mowziesmobs:umvuthana_mask_faith":2,"many_more_ores_and_crafts:raw_cobalt":15,"minecraft:arrow":50,"artifacts:cowboy_hat":1,"minecraft:deepslate_bricks":4,"artifacts:running_shoes":1,"mowziesmobs:umvuthana_mask_bliss":1,"alexsmobs:ghostly_pickaxe":2,"minecraft:mutton":30,"minecraft:white_wool":18,"minecraft:glow_ink_sac":2,"minecraft:salmon":1,"minecraft:leather":52,"minecraft:birch_planks":9,"minecraft:gunpowder":65,"minecraft:paper":33,"minecraft:iron_ingot":8,"minecraft:cobweb":4,"mowziesmobs:umvuthana_mask_misery":1,"minecraft:book":160,"minecraft:smooth_basalt":2,"minecraft:gravel":1,"minecraft:amethyst_shard":54,"minecraft:spruce_sapling":1,"minecraft:white_bed":3,"minecraft:spruce_log":13,"minecraft:spider_eye":5,"alexsmobs:raw_catfish":4,"tacz:modern_kinetic_gun":2,"minecraft:iron_helmet":1,"minecraft:painting":6,"many_more_ores_and_crafts:raw_mythril":21,"minecraft:black_wool":1,"minecraft:coal":1761},"minecraft:dropped":{"twilightforest:nagastone":13,"minecraft:birch_planks":21,"minecraft:lapis_lazuli":7,"minecraft:diamond":1,"many_more_ores_and_crafts:raw_cobalt":1,"minecraft:glass_bottle":1,"minecraft:cooked_porkchop":3,"minecraft:jungle_planks":1,"minecraft:dirt":74,"twilightforest:firefly":3,"alexsmobs:flying_fish":1,"minecraft:gold_nugget":15,"minecraft:sand":9,"mcwbridges:cobblestone_bridge":7,"artifacts:power_glove":1,"minecraft:cobbled_deepslate":2,"minecraft:birch_sapling":2,"minecraft:rotten_flesh":21,"spartanweaponry:stone_saber":1,"minecraft:gunpowder":2,"minecraft:arrow":9,"minecraft:egg":4,"tacz:attachment":1,"minecraft:iron_ingot":20,"spartanweaponry:handle":2,"minecraft:mossy_cobblestone":3,"many_more_ores_and_crafts:palladium_sword":1,"twilightforest:nagastone_head":3,"minecraft:iron_helmet":1,"mcwstairs:cobblestone_compact_stairs":1,"minecraft:feather":11,"minecraft:cobblestone":81,"minecraft:book":1,"minecraft:amethyst_block":3,"minecraft:granite":7,"minecraft:copper_ingot":91,"minecraft:spruce_stairs":2,"minecraft:diorite":10,"minecraft:fire_charge":3,"minecraft:iron_leggings":1,"tacz:modern_kinetic_gun":1,"alexsmobs:ghostly_pickaxe":1,"minecraft:string":4,"minecraft:bowl":2,"minecraft:tuff":13,"spartanweaponry:stone_halberd":1,"many_more_ores_and_crafts:raw_platinum":1,"minecraft:stone_slab":6,"minecraft:flower_pot":1,"minecraft:andesite":8,"minecraft:spider_eye":2,"minecraft:barrel":2,"minecraft:bow":2},"minecraft:custom":{"minecraft:interact_with_crafting_table":52,"minecraft:open_barrel":8,"minecraft:leave_game":11,"minecraft:time_since_death":101667,"minecraft:sprint_one_cm":1715453,"minecraft:damage_blocked_by_shield":310,"minecraft:drop":79,"minecraft:play_time":580684,"minecraft:deaths":16,"minecraft:jump":9343,"minecraft:walk_on_water_one_cm":55446,"minecraft:interact_with_furnace":114,"minecraft:sleep_in_bed":15,"minecraft:damage_dealt":30134,"minecraft:player_kills":7,"minecraft:crouch_one_cm":30620,"waystones:waystone_activated":1,"minecraft:mob_kills":293,"minecraft:damage_dealt_resisted":145,"minecraft:climb_one_cm":4360,"minecraft:walk_one_cm":1487620,"minecraft:damage_dealt_absorbed":80,"minecraft:sneak_time":12338,"minecraft:walk_under_water_one_cm":28824,"minecraft:total_world_time":580684,"spartanshields:shield_bash_hits":1,"minecraft:interact_with_stonecutter":4,"minecraft:time_since_rest":11827,"minecraft:damage_taken":10232,"minecraft:damage_absorbed":120,"minecraft:trigger_trapped_chest":2,"minecraft:swim_one_cm":123121,"minecraft:fly_one_cm":5088045,"minecraft:open_chest":132,"minecraft:fall_one_cm":264397},"minecraft:mined":{"twilightforest:cracked_etched_nagastone":1,"minecraft:white_bed":3,"minecraft:mossy_stone_brick_slab":1,"mcwbridges:cobblestone_bridge":25,"minecraft:jungle_slab":1,"minecraft:cobblestone_stairs":1,"tacz:workbench_c":1,"tacz:workbench_a":1,"minecraft:spruce_trapdoor":1,"minecraft:granite":29,"many_more_ores_and_crafts:cobalt_ore":15,"minecraft:grass_block":51,"minecraft:deepslate_bricks":4,"tacz:gun_smith_table":2,"minecraft:spawner":7,"many_more_ores_and_crafts:palladium_ore":22,"minecraft:mossy_cobblestone_stairs":1,"minecraft:iron_ore":29,"minecraft:cobbled_deepslate":4,"minecraft:fire":2,"minecraft:deepslate_lapis_ore":6,"minecraft:deepslate_redstone_ore":5,"many_more_ores_and_crafts:lead_ore":8,"minecraft:amethyst_cluster":27,"minecraft:torch":6,"minecraft:calcite":2,"minecraft:chest":1,"many_more_ores_and_crafts:mythril_ore":22,"minecraft:cobblestone":81,"minecraft:sugar_cane":9,"minecraft:oak_planks":1,"minecraft:wall_torch":14,"minecraft:amethyst_block":5,"minecraft:deepslate_copper_ore":9,"minecraft:birch_log":61,"minecraft:tnt":1,"many_more_ores_and_crafts:titanium_ore":24,"minecraft:grass":11,"minecraft:sand":18,"minecraft:dirt":47,"minecraft:smooth_basalt":2,"minecraft:stonecutter":1,"minecraft:deepslate":287,"minecraft:infested_deepslate":1,"mcwstairs:cobblestone_compact_stairs":7,"twilightforest:firefly":4,"minecraft:diamond_ore":1,"minecraft:tuff":18,"many_more_ores_and_crafts:adamantite_ore":31,"minecraft:mossy_cobblestone":3,"minecraft:deepslate_diamond_ore":12,"minecraft:jungle_planks":1,"twilightforest:nagastone_head":3,"minecraft:large_fern":2,"minecraft:furnace":1,"twilightforest:naga_trophy":1,"minecraft:andesite":47,"minecraft:bookshelf":57,"minecraft:deepslate_iron_ore":71,"minecraft:stone":1652,"minecraft:acacia_leaves":2,"minecraft:crafting_table":4,"twilightforest:nagastone":16,"minecraft:tall_grass":1,"minecraft:copper_ore":22,"minecraft:lapis_ore":5,"minecraft:deepslate_gold_ore":28,"minecraft:diorite":13,"minecraft:spruce_stairs":2,"minecraft:spruce_log":13,"minecraft:coal_ore":19,"minecraft:gravel":5,"minecraft:dripstone_block":1,"minecraft:cobweb":59,"mcwdoors:birch_modern_door":2,"minecraft:stone_bricks":1,"many_more_ores_and_crafts:orichalcum_ore":38,"minecraft:mossy_stone_bricks":1,"minecraft:gold_ore":2},"minecraft:broken":{"minecraft:leather_leggings":1,"minecraft:stone_pickaxe":1,"many_more_ores_and_crafts:orichalcum_pickaxe":1,"minecraft:wooden_axe":1,"minecraft:wooden_pickaxe":1},"minecraft:killed_by":{"minecraft:creeper":1,"minecraft:zombie":1,"minecraft:player":7,"minecraft:spider":1,"minecraft:skeleton":3},"minecraft:killed":{"minecraft:cave_spider":5,"minecraft:witch":2,"minecraft:spider":18,"minecraft:skeleton":52,"minecraft:silverfish":3,"artifacts:mimic":3,"minecraft:zombie_villager":1,"minecraft:creeper":37,"minecraft:sheep":20,"minecraft:zombie":86,"alexsmobs:fly":1,"minecraft:glow_squid":1,"minecraft:cow":36,"twilightforest:naga":1,"twilightforest:death_tome":7,"alexsmobs:underminer":1,"mowziesmobs:umvuthana":14,"twilightforest:kobold":1,"alexsmobs:catfish":2,"minecraft:player":7}},"DataVersion":3465}