{"stats":{"minecraft:mined":{"minecraft:smithing_table":1,"many_more_ores_and_crafts:lead_ore":7,"minecraft:spruce_planks":3,"minecraft:mossy_cobblestone":1,"minecraft:jungle_slab":2,"minecraft:cherry_log":64,"minecraft:spruce_door":7,"minecraft:clay":1,"minecraft:crafting_table":9,"minecraft:torch":3,"minecraft:granite":6,"minecraft:grass_block":3,"minecraft:poppy":1,"minecraft:jungle_planks":1,"minecraft:copper_ore":1,"minecraft:cobblestone":2,"minecraft:sugar_cane":6,"minecraft:diorite":5,"minecraft:wall_torch":2,"minecraft:chiseled_stone_bricks":1,"minecraft:pink_petals":1,"minecraft:tall_seagrass":3,"minecraft:furnace":4,"many_more_ores_and_crafts:platinum_ore":20,"minecraft:iron_ore":8,"minecraft:andesite":3,"minecraft:gray_bed":1,"many_more_ores_and_crafts:silver_ore":13,"minecraft:spruce_log":8,"minecraft:birch_leaves":1,"minecraft:pointed_dripstone":2,"minecraft:oak_log":16,"minecraft:coal_ore":21,"minecraft:cherry_leaves":4,"minecraft:gravel":11,"minecraft:sand":6,"minecraft:dirt":16,"minecraft:packed_ice":39,"minecraft:cracked_stone_bricks":5,"minecraft:stone_bricks":1,"minecraft:stone":165,"minecraft:mossy_stone_bricks":9,"minecraft:oak_leaves":3},"minecraft:used":{"minecraft:spruce_door":7,"many_more_ores_and_crafts:emerald_sword":60,"minecraft:stone_pickaxe":198,"minecraft:wooden_pickaxe":45,"minecraft:spruce_planks":1,"minecraft:leather_chestplate":1,"minecraft:torch":68,"minecraft:crafting_table":9,"minecraft:jungle_slab":2,"minecraft:wooden_axe":34,"minecraft:bread":3,"minecraft:iron_pickaxe":5,"minecraft:stone_axe":81,"many_more_ores_and_crafts:platinum_pickaxe":59,"minecraft:cobblestone":69,"minecraft:furnace":4,"minecraft:cooked_cod":4,"minecraft:cooked_porkchop":9,"alexsmobs:animal_dictionary":3,"minecraft:oak_boat":3},"minecraft:broken":{"minecraft:stone_pickaxe":1},"minecraft:killed":{"minecraft:pig":5,"minecraft:salmon":1,"minecraft:spider":1,"minecraft:creeper":1,"minecraft:skeleton":1,"minecraft:zombie":7,"alexsmobs:crocodile":1,"minecraft:drowned":4},"minecraft:killed_by":{"alexsmobs:crocodile":1},"minecraft:crafted":{"minecraft:red_dye":1,"minecraft:oak_planks":64,"minecraft:cooked_porkchop":10,"minecraft:crafting_table":2,"minecraft:spruce_planks":28,"minecraft:wooden_pickaxe":1,"minecraft:spruce_door":3,"minecraft:furnace":1,"minecraft:stone_axe":1,"many_more_ores_and_crafts:emerald_sword":1,"minecraft:bread":2,"minecraft:air":0,"many_more_ores_and_crafts:platinum_ingot":4,"minecraft:oak_boat":1,"many_more_ores_and_crafts:platinum_pickaxe":1,"minecraft:iron_pickaxe":1,"minecraft:stick":56,"minecraft:leather_chestplate":1,"minecraft:iron_ingot":7,"minecraft:stone_pickaxe":3,"minecraft:wooden_axe":1,"minecraft:iron_leggings":1,"minecraft:torch":108},"minecraft:custom":{"minecraft:interact_with_smithing_table":1,"minecraft:interact_with_furnace":24,"minecraft:mob_kills":21,"minecraft:interact_with_crafting_table":24,"minecraft:open_barrel":1,"minecraft:leave_game":2,"minecraft:time_since_death":65664,"minecraft:sleep_in_bed":1,"minecraft:time_since_rest":1215,"minecraft:sprint_one_cm":104077,"minecraft:damage_taken":1522,"minecraft:walk_one_cm":239192,"minecraft:drop":15,"minecraft:damage_dealt":3722,"minecraft:swim_one_cm":93406,"minecraft:fly_one_cm":56364,"minecraft:open_chest":29,"minecraft:play_time":107435,"minecraft:crouch_one_cm":17454,"minecraft:deaths":2,"minecraft:sneak_time":8094,"minecraft:walk_under_water_one_cm":78845,"minecraft:boat_one_cm":165271,"minecraft:jump":744,"minecraft:walk_on_water_one_cm":39838,"minecraft:total_world_time":107435,"minecraft:fall_one_cm":13034},"minecraft:dropped":{"minecraft:golden_helmet":1,"minecraft:raw_copper":12,"minecraft:prismarine_crystals":2,"minecraft:cracked_stone_bricks":4,"minecraft:filled_map":1,"minecraft:dirt":5,"minecraft:gunpowder":2,"minecraft:wooden_axe":1,"minecraft:oak_sapling":1,"tacz:modern_kinetic_gun":1,"minecraft:stone_bricks":1,"minecraft:heart_of_the_sea":1,"minecraft:wooden_pickaxe":2},"minecraft:picked_up":{"minecraft:crafting_table":9,"minecraft:clay_ball":4,"minecraft:andesite":3,"minecraft:salmon":1,"minecraft:smithing_table":1,"minecraft:wooden_pickaxe":1,"minecraft:oak_log":16,"minecraft:gunpowder":4,"minecraft:dirt":8,"minecraft:raw_copper":12,"minecraft:bone":1,"minecraft:stone_bricks":1,"minecraft:cracked_stone_bricks":4,"minecraft:spruce_planks":3,"minecraft:oak_boat":3,"minecraft:mossy_stone_bricks":8,"minecraft:poppy":1,"many_more_ores_and_crafts:raw_platinum":20,"many_more_ores_and_crafts:raw_silver":13,"minecraft:gray_bed":1,"minecraft:sugar_cane":16,"minecraft:furnace":4,"minecraft:golden_helmet":1,"minecraft:raw_iron":30,"minecraft:chiseled_stone_bricks":1,"minecraft:copper_ingot":1,"minecraft:torch":8,"sophisticatedbackpacks:backpack":1,"minecraft:gravel":17,"minecraft:porkchop":10,"minecraft:sand":6,"minecraft:jungle_planks":1,"minecraft:cherry_log":64,"minecraft:pointed_dripstone":3,"minecraft:diorite":4,"minecraft:spruce_log":7,"many_more_ores_and_crafts:raw_lead":7,"minecraft:prismarine_crystals":2,"minecraft:jungle_slab":2,"minecraft:spruce_door":7,"alexsmobs:crocodile_scute":2,"minecraft:rotten_flesh":15,"tacz:modern_kinetic_gun":1,"minecraft:granite":6,"minecraft:bone_meal":1,"minecraft:oak_sapling":2,"minecraft:coal":237,"minecraft:cobblestone":176}},"DataVersion":3465}