{"stats":{"minecraft:mined":{"mcwstairs:cobbled_deepslate_balcony":12,"mcwbridges:cobblestone_bridge":38,"alexsmobs:leafcutter_anthill":1,"tacz:workbench_a":1,"minecraft:granite":13,"many_more_ores_and_crafts:cobalt_ore":10,"minecraft:grass_block":147,"tacz:gun_smith_table":1,"minecraft:spawner":6,"minecraft:glowstone":1,"many_more_ores_and_crafts:palladium_ore":12,"minecraft:iron_ore":14,"minecraft:cobbled_deepslate":2,"minecraft:deepslate_lapis_ore":5,"many_more_ores_and_crafts:tungsten_ore":10,"minecraft:dirt_path":1,"twilightforest:naga_wall_trophy":1,"minecraft:oak_stairs":7,"minecraft:deepslate_redstone_ore":1,"many_more_ores_and_crafts:lead_ore":46,"minecraft:torch":9,"many_more_ores_and_crafts:tin_ore":14,"twilightforest:spiral_bricks":5,"minecraft:blast_furnace":1,"minecraft:poppy":9,"minecraft:chest":2,"twilightforest:twilight_oak_log":16,"minecraft:cobblestone":91,"minecraft:sugar_cane":8,"mcwstairs:birch_compact_stairs":3,"minecraft:wall_torch":31,"minecraft:birch_log":24,"minecraft:wheat":19,"minecraft:blue_ice":1,"minecraft:grass":50,"minecraft:oak_log":60,"minecraft:sand":18,"minecraft:dirt":174,"minecraft:stonecutter":1,"minecraft:oak_leaves":4,"minecraft:deepslate":68,"mcwstairs:cobblestone_compact_stairs":2,"minecraft:tuff":3,"many_more_ores_and_crafts:adamantite_ore":5,"minecraft:mossy_cobblestone":2,"minecraft:deepslate_diamond_ore":3,"minecraft:stripped_birch_log":6,"minecraft:glow_lichen":1,"alexsmobs:leafcutter_ant_chamber":13,"minecraft:spruce_leaves":6,"twilightforest:nagastone_head":5,"minecraft:hay_block":5,"minecraft:carrots":1,"many_more_ores_and_crafts:platinum_ore":18,"minecraft:andesite":18,"twilightforest:twilight_oak_leaves":6,"minecraft:bookshelf":32,"minecraft:deepslate_iron_ore":12,"twilightforest:firefly_jar":5,"minecraft:packed_ice":12,"minecraft:stone":1004,"minecraft:glass_pane":1,"minecraft:infested_stone_bricks":1,"minecraft:lily_of_the_valley":8,"minecraft:spruce_door":1,"minecraft:crafting_table":7,"twilightforest:nagastone":24,"minecraft:tall_grass":8,"minecraft:copper_ore":13,"minecraft:lapis_ore":2,"minecraft:deepslate_gold_ore":6,"minecraft:diorite":128,"minecraft:coarse_dirt":4,"minecraft:redstone_torch":1,"minecraft:spruce_log":21,"minecraft:birch_leaves":2,"many_more_ores_and_crafts:silver_ore":15,"mcwdoors:oak_glass_door":2,"twilightforest:cicada_jar":1,"minecraft:coal_ore":20,"twilightforest:stripped_twilight_oak_log":1,"minecraft:cobweb":27,"minecraft:cracked_stone_bricks":4,"mcwdoors:birch_modern_door":1,"many_more_ores_and_crafts:orichalcum_ore":19,"minecraft:mossy_stone_bricks":1,"minecraft:dark_oak_planks":1},"minecraft:broken":{"mowziesmobs:umvuthana_mask_faith":1,"many_more_ores_and_crafts:platinum_pickaxe":1,"spartanweaponry:stone_saber":1,"minecraft:stone_pickaxe":1,"many_more_ores_and_crafts:lead_chestplate":1,"minecraft:stone_shovel":2,"spartanweaponry:silver_rapier":1,"minecraft:leather_helmet":1,"minecraft:stone_sword":1,"many_more_ores_and_crafts:lead_pickaxe":1,"many_more_ores_and_crafts:tin_leggings":1,"spartanweaponry:stone_rapier":1,"many_more_ores_and_crafts:lead_boots":1,"minecraft:iron_pickaxe":2,"aether:leather_gloves":1},"minecraft:used":{"minecraft:iron_shovel":23,"minecraft:poppy":10,"minecraft:chest":6,"spartanweaponry:silver_rapier":48,"minecraft:lily_of_the_valley":4,"many_more_ores_and_crafts:orichalcum_pickaxe":118,"minecraft:carrot":7,"minecraft:tuff":1,"spartanweaponry:platinum_rapier":111,"spartanshields:wooden_tower_shield":28,"many_more_ores_and_crafts:tungsten_sword":15,"mowziesmobs:umvuthana_mask_faith":4,"mowziesmobs:umvuthana_mask_rage":3,"minecraft:bow":4,"spartanshields:iron_basic_shield":6,"minecraft:written_book":1,"minecraft:furnace":3,"mcwstairs:cobbled_deepslate_compact_stairs":3,"many_more_ores_and_crafts:copper_pickaxe":9,"minecraft:diorite":6,"minecraft:spruce_door":1,"minecraft:stone_pickaxe":179,"minecraft:oak_planks":3,"minecraft:wooden_pickaxe":35,"spartanweaponry:stone_halberd":1,"many_more_ores_and_crafts:tin_pickaxe":2,"waystones:waystone":2,"minecraft:bread":14,"mcwstairs:cobblestone_compact_stairs":5,"mcwstairs:cobblestone_loft_stairs":1,"minecraft:birch_log":6,"minecraft:andesite":4,"many_more_ores_and_crafts:lead_axe":157,"minecraft:stone_sword":181,"mcwstairs:cobblestone_bulk_stairs":1,"minecraft:stone_shovel":263,"tacz:gun_smith_table":2,"minecraft:spruce_planks":7,"minecraft:stone_hoe":53,"many_more_ores_and_crafts:silver_helmet":1,"minecraft:torch":166,"minecraft:dirt":219,"tacz:workbench_a":2,"many_more_ores_and_crafts:mythril_pickaxe":21,"alexsmobs:cooked_kangaroo_meat":2,"spartanweaponry:stone_greatsword":2,"minecraft:wooden_axe":43,"mcwstairs:birch_compact_stairs":3,"mcwdoors:birch_modern_door":1,"minecraft:oak_stairs":41,"alexsmobs:ghostly_pickaxe":3,"spartanweaponry:studded_cestus":66,"many_more_ores_and_crafts:platinum_pickaxe":300,"mcwdoors:oak_glass_door":4,"mcwstairs:cobbled_deepslate_balcony":57,"minecraft:cooked_beef":20,"minecraft:cobbled_deepslate":3,"minecraft:iron_leggings":1,"many_more_ores_and_crafts:adamantite_pickaxe":1,"mcwstairs:cobblestone_terrace_stairs":1,"minecraft:wheat_seeds":12,"minecraft:cooked_mutton":5,"minecraft:water_bucket":6,"spartanweaponry:stone_saber":135,"minecraft:birch_planks":12,"many_more_ores_and_crafts:orichalcum_sword":79,"many_more_ores_and_crafts:lead_pickaxe":516,"minecraft:crafting_table":9,"mcwstairs:cobblestone_skyline_stairs":1,"minecraft:white_bed":1,"minecraft:painting":26,"minecraft:oak_log":13,"spartanweaponry:stone_rapier":128,"minecraft:iron_pickaxe":500,"twilightforest:firefly_jar":2,"minecraft:leather_helmet":1,"minecraft:cobblestone":389,"many_more_ores_and_crafts:tungsten_pickaxe":11,"minecraft:cooked_porkchop":18,"minecraft:bucket":6,"minecraft:glass_pane":2},"minecraft:killed":{"twilightforest:boar":1,"minecraft:cave_spider":2,"minecraft:witch":3,"mowziesmobs:umvuthi":1,"minecraft:spider":4,"minecraft:skeleton":21,"alexsmobs:leafcutter_ant":1,"minecraft:chicken":1,"minecraft:silverfish":3,"alexsmobs:kangaroo":1,"artifacts:mimic":1,"minecraft:pig":9,"minecraft:creeper":2,"minecraft:sheep":4,"minecraft:pillager":2,"minecraft:zombie":125,"minecraft:cow":11,"twilightforest:death_tome":8,"minecraft:drowned":1,"mowziesmobs:umvuthana":4,"twilightforest:kobold":2,"minecraft:player":6},"minecraft:killed_by":{"mowziesmobs:umvuthi":1,"alexsmobs:crocodile":1,"minecraft:witch":1,"minecraft:zombie":1,"minecraft:player":7,"minecraft:skeleton":3},"minecraft:crafted":{"minecraft:oak_planks":132,"many_more_ores_and_crafts:palladium_ingot":12,"spartanshields:wooden_tower_shield":1,"many_more_ores_and_crafts:lead_chestplate":1,"spartanweaponry:stone_rapier":1,"many_more_ores_and_crafts:tungsten_sword":1,"many_more_ores_and_crafts:tin_leggings":1,"many_more_ores_and_crafts:adamantite_ingot":6,"many_more_ores_and_crafts:lead_axe":1,"minecraft:cooked_mutton":5,"spartanshields:iron_basic_shield":1,"spartanweaponry:silver_rapier":1,"minecraft:glass":6,"many_more_ores_and_crafts:tin_ingot":14,"minecraft:chest":3,"many_more_ores_and_crafts:tin_pickaxe":1,"spartanweaponry:studded_cestus":1,"minecraft:stone_hoe":1,"mcwstairs:birch_compact_stairs":6,"many_more_ores_and_crafts:orichalcum_pickaxe":1,"many_more_ores_and_crafts:palladium_chestplate":1,"minecraft:cooked_porkchop":23,"minecraft:crafting_table":3,"minecraft:spruce_planks":44,"many_more_ores_and_crafts:mythril_pickaxe":1,"tacz:ammo_box":1,"minecraft:wooden_pickaxe":2,"minecraft:spruce_door":3,"minecraft:copper_ingot":141,"minecraft:birch_planks":40,"mcwstairs:cobblestone_bulk_stairs":1,"many_more_ores_and_crafts:tungsten_pickaxe":1,"spartanweaponry:stone_saber":1,"many_more_ores_and_crafts:tungsten_ingot":10,"minecraft:stick":92,"minecraft:iron_ingot":79,"minecraft:iron_pickaxe":1,"minecraft:iron_block":1,"minecraft:stone_sword":3,"spartanshields:wooden_basic_shield":1,"many_more_ores_and_crafts:lead_pickaxe":3,"mcwstairs:cobblestone_skyline_stairs":1,"minecraft:stone_shovel":2,"mcwstairs:cobblestone_terrace_stairs":1,"minecraft:leather_boots":1,"many_more_ores_and_crafts:lead_ingot":46,"spartanweaponry:cestus":1,"minecraft:furnace":2,"many_more_ores_and_crafts:adamantite_sword":1,"aether:leather_gloves":1,"minecraft:glass_pane":16,"mcwstairs:cobblestone_loft_stairs":1,"many_more_ores_and_crafts:platinum_ingot":8,"many_more_ores_and_crafts:adamantite_pickaxe":1,"many_more_ores_and_crafts:orichalcum_sword":1,"twilightforest:twilight_oak_planks":4,"spartanweaponry:stone_halberd":1,"minecraft:stone_pickaxe":2,"many_more_ores_and_crafts:cobalt_ingot":8,"many_more_ores_and_crafts:silver_ingot":15,"many_more_ores_and_crafts:copper_pickaxe":1,"spartanweaponry:stone_greatsword":1,"minecraft:wheat":45,"minecraft:cooked_beef":27,"mcwstairs:cobbled_deepslate_balcony":20,"many_more_ores_and_crafts:orichalcum_boots":1,"spartanweaponry:pole":2,"alexsmobs:cooked_kangaroo_meat":2,"spartanweaponry:handle":8,"tacz:gun_smith_table":1,"many_more_ores_and_crafts:silver_helmet":1,"minecraft:bucket":1,"minecraft:bread":31,"minecraft:air":0,"tacz:workbench_a":1,"many_more_ores_and_crafts:mythril_ingot":4,"many_more_ores_and_crafts:platinum_pickaxe":1,"many_more_ores_and_crafts:orichalcum_ingot":19,"minecraft:oak_stairs":40,"minecraft:wooden_axe":1,"spartanweaponry:platinum_rapier":1,"minecraft:iron_leggings":1,"mcwdoors:oak_glass_door":3,"minecraft:white_bed":1,"many_more_ores_and_crafts:lead_boots":1,"minecraft:torch":124},"minecraft:custom":{"minecraft:interact_with_crafting_table":137,"minecraft:open_barrel":18,"minecraft:leave_game":4,"minecraft:time_since_death":50572,"minecraft:sprint_one_cm":578580,"minecraft:damage_blocked_by_shield":1194,"minecraft:drop":37,"minecraft:play_time":478597,"minecraft:deaths":18,"minecraft:jump":3786,"minecraft:walk_on_water_one_cm":47389,"minecraft:interact_with_furnace":164,"minecraft:sleep_in_bed":10,"minecraft:damage_dealt":39060,"minecraft:player_kills":7,"minecraft:crouch_one_cm":165935,"waystones:waystone_activated":3,"minecraft:mob_kills":216,"minecraft:damage_dealt_resisted":23,"minecraft:climb_one_cm":624,"minecraft:walk_one_cm":1179936,"minecraft:damage_dealt_absorbed":121,"minecraft:sneak_time":61138,"minecraft:walk_under_water_one_cm":37571,"minecraft:total_world_time":478597,"minecraft:interact_with_stonecutter":8,"minecraft:time_since_rest":307,"minecraft:damage_taken":9143,"minecraft:trigger_trapped_chest":2,"minecraft:swim_one_cm":86483,"minecraft:fly_one_cm":3889260,"minecraft:open_chest":201,"minecraft:fall_one_cm":85719},"minecraft:dropped":{"minecraft:birch_planks":5,"minecraft:diamond":2,"minecraft:dirt":4,"minecraft:bone":7,"minecraft:rotten_flesh":2,"many_more_ores_and_crafts:lead_ingot":25,"spartanweaponry:stone_saber":1,"minecraft:gunpowder":8,"minecraft:leather_boots":1,"tacz:attachment":2,"minecraft:bread":6,"spartanweaponry:silver_rapier":1,"many_more_ores_and_crafts:palladium_sword":1,"twilightforest:naga_trophy":1,"mowziesmobs:sol_visage":1,"tacz:modern_kinetic_gun":1,"alexsmobs:ghostly_pickaxe":1,"minecraft:redstone":8,"minecraft:coarse_dirt":4,"minecraft:stone_sword":1,"spartanweaponry:stone_halberd":1,"sophisticatedbackpacks:backpack":1,"minecraft:lily_of_the_valley":4,"minecraft:redstone_torch":1,"minecraft:stone_pickaxe":1,"many_more_ores_and_crafts:tin_pickaxe":1},"minecraft:picked_up":{"minecraft:wooden_axe":1,"twilightforest:cicada_jar":1,"minecraft:wheat":23,"minecraft:smithing_table":1,"twilightforest:naga_trophy":2,"minecraft:oak_stairs":6,"minecraft:potion":1,"mcwstairs:cobblestone_compact_stairs":2,"tacz:workbench_a":1,"minecraft:string":29,"minecraft:raw_copper":236,"minecraft:gold_nugget":1,"minecraft:cobbled_deepslate":92,"minecraft:spruce_planks":9,"minecraft:redstone_torch":1,"minecraft:written_book":1,"minecraft:iron_pickaxe":1,"many_more_ores_and_crafts:raw_platinum":19,"many_more_ores_and_crafts:raw_silver":15,"twilightforest:firefly_jar":5,"minecraft:furnace":1,"alexsmobs:leafcutter_ant_chamber":11,"minecraft:stick":7,"mcwstairs:cobbled_deepslate_balcony":13,"twilightforest:stripped_twilight_oak_log":1,"mowziesmobs:sol_visage":2,"minecraft:torch":43,"minecraft:porkchop":23,"tacz:attachment":6,"minecraft:diorite":128,"minecraft:stone_sword":1,"mcwbridges:cobblestone_bridge":20,"minecraft:rotten_flesh":117,"many_more_ores_and_crafts:raw_orichalcum":19,"minecraft:cobblestone":1086,"minecraft:birch_log":24,"minecraft:feather":9,"twilightforest:twilight_oak_log":16,"minecraft:andesite":18,"minecraft:potato":1,"minecraft:tuff":3,"minecraft:lapis_lazuli":105,"minecraft:stripped_birch_log":6,"minecraft:dirt":391,"minecraft:bone":38,"minecraft:stonecutter":1,"minecraft:bow":3,"minecraft:wheat_seeds":55,"minecraft:raw_gold":10,"many_more_ores_and_crafts:raw_palladium":12,"mcwdoors:oak_glass_door":2,"minecraft:mossy_stone_bricks":2,"tacz:gun_smith_table":1,"minecraft:glowstone_dust":3,"minecraft:sand":18,"sophisticatedbackpacks:iron_backpack":1,"many_more_ores_and_crafts:raw_tungsten":10,"minecraft:lily_of_the_valley":9,"many_more_ores_and_crafts:palladium_sword":1,"minecraft:trapped_chest":1,"alexsmobs:animal_dictionary":1,"minecraft:mossy_cobblestone":2,"many_more_ores_and_crafts:raw_adamantite":6,"minecraft:diamond":5,"waystones:waystone":2,"spartanweaponry:stone_saber":1,"minecraft:granite":14,"minecraft:bread":8,"minecraft:crafting_table":8,"minecraft:coarse_dirt":8,"minecraft:chicken":1,"twilightforest:nagastone":38,"artifacts:power_glove":1,"minecraft:item_frame":1,"tacz:ammo":200,"minecraft:iron_shovel":1,"minecraft:cracked_stone_bricks":5,"spartanweaponry:stone_halberd":1,"twilightforest:nagastone_head":8,"minecraft:beef":20,"minecraft:poppy":10,"minecraft:birch_sapling":6,"minecraft:chest":3,"minecraft:sugar_cane":18,"mcwdoors:birch_modern_door":2,"minecraft:raw_iron":73,"spartanweaponry:silver_rapier":1,"minecraft:copper_ingot":91,"sophisticatedbackpacks:backpack":2,"minecraft:carrot":5,"minecraft:redstone":26,"alexsmobs:leafcutter_ant_pupa":3,"many_more_ores_and_crafts:raw_lead":46,"twilightforest:firefly":1,"minecraft:dark_oak_planks":1,"mowziesmobs:umvuthana_mask_faith":1,"many_more_ores_and_crafts:raw_cobalt":10,"minecraft:arrow":26,"minecraft:hay_block":5,"mcwstairs:birch_compact_stairs":3,"mowziesmobs:umvuthana_mask_bliss":1,"alexsmobs:ghostly_pickaxe":1,"minecraft:mutton":5,"alexsmobs:kangaroo_meat":2,"minecraft:white_wool":4,"minecraft:glow_ink_sac":3,"minecraft:leather":13,"many_more_ores_and_crafts:raw_tin":14,"minecraft:birch_planks":6,"minecraft:filled_map":1,"minecraft:oak_log":60,"minecraft:gunpowder":12,"minecraft:cobblestone_stairs":1,"minecraft:paper":72,"minecraft:white_banner":1,"minecraft:stone_bricks":1,"mowziesmobs:umvuthana_mask_rage":1,"artifacts:whoopee_cushion":1,"minecraft:iron_ingot":21,"minecraft:stone_pickaxe":1,"minecraft:cooked_chicken":1,"minecraft:book":121,"minecraft:gravel":5,"minecraft:blast_furnace":1,"minecraft:spruce_log":35,"minecraft:spruce_door":1,"minecraft:spider_eye":17,"minecraft:leather_helmet":1,"tacz:modern_kinetic_gun":2,"minecraft:painting":37,"minecraft:mossy_cobblestone_stairs":1,"twilightforest:spiral_bricks":5,"minecraft:coal":262}},"DataVersion":3465}